<?xml version="1.0" encoding="UTF-8" standalone="yes"?>
<assembly xmlns="urn:schemas-microsoft-com:asm.v1" manifestVersion="1.0">
    <assemblyIdentity version="1.0.0.0" processorArchitecture="X86" name="org.morous.mCtrlSample" type="win32"/>
    <description>mCtrl Sample</description>
    <dependency>
        <dependentAssembly>
            <assemblyIdentity type="win32" name="Microsoft.Windows.Common-Controls" version="6.0.0.0" processorArchitecture="*" publicKeyToken="6595b64144ccf1df" language="*"/>
        </dependentAssembly>
    </dependency>
    <ms_asmv2:trustInfo xmlns="urn:schemas-microsoft-com:asm.v2">
        <ms_asmv2:security>
            <ms_asmv2:requestedPrivileges>
                <ms_asmv2:requestedExecutionLevel level="asInvoker" uiAccess="false"/>
            </ms_asmv2:requestedPrivileges>
        </ms_asmv2:security>
    </ms_asmv2:trustInfo>
</assembly>
