<doxygenlayout version="1.0">
    <navindex>
        <tab type="mainpage" visible="yes" title=""/>
        <tab type="pages" visible="no" title="" intro=""/>
        <tab type="modules" visible="yes" title="" intro=""/>
        <tab type="namespaces" visible="yes" title="">
            <tab type="namespacelist" visible="yes" title="" intro=""/>
            <tab type="namespacemembers" visible="yes" title="" intro=""/>
        </tab>
        <tab type="filelist" visible="yes" title="Header Files" intro=""/>
        <tab type="classes" visible="yes" title="">
            <tab type="classlist" visible="yes" title="" intro=""/>
            <tab type="classindex" visible="$ALPHABETICAL_INDEX" title=""/>
            <tab type="hierarchy" visible="no" title="" intro=""/>
            <tab type="classmembers" visible="yes" title="" intro=""/>
        </tab>
        <tab type="globals" visible="yes" title="" intro=""/>
        <tab type="examples" visible="yes" title="" intro=""/>
    </navindex>

    <class>
        <briefdescription visible="yes"/>
        <includes visible="$SHOW_INCLUDE_FILES"/>
        <inheritancegraph visible="$CLASS_GRAPH"/>
        <collaborationgraph visible="$COLLABORATION_GRAPH"/>
        <memberdecl>
            <nestedclasses visible="yes" title=""/>
            <publictypes title=""/>
            <publicslots title=""/>
            <signals title=""/>
            <publicmethods title=""/>
            <publicstaticmethods title=""/>
            <publicattributes title=""/>
            <publicstaticattributes title=""/>
            <protectedtypes title=""/>
            <protectedslots title=""/>
            <protectedmethods title=""/>
            <protectedstaticmethods title=""/>
            <protectedattributes title=""/>
            <protectedstaticattributes title=""/>
            <packagetypes title=""/>
            <packagemethods title=""/>
            <packagestaticmethods title=""/>
            <packageattributes title=""/>
            <packagestaticattributes title=""/>
            <properties title=""/>
            <events title=""/>
            <privatetypes title=""/>
            <privateslots title=""/>
            <privatemethods title=""/>
            <privatestaticmethods title=""/>
            <privateattributes title=""/>
            <privatestaticattributes title=""/>
            <friends title=""/>
            <related title="" subtitle=""/>
            <membergroups visible="yes"/>
        </memberdecl>
        <detaileddescription title=""/>
        <memberdef>
            <inlineclasses title=""/>
            <typedefs title=""/>
            <enums title=""/>
            <constructors title=""/>
            <functions title=""/>
            <related title=""/>
            <variables title=""/>
            <properties title=""/>
            <events title=""/>
        </memberdef>
        <allmemberslink visible="yes"/>
        <usedfiles visible="$SHOW_USED_FILES"/>
        <authorsection visible="yes"/>
    </class>

    <file>
        <briefdescription visible="yes"/>
        <includes visible="$SHOW_INCLUDE_FILES"/>
        <includegraph visible="$INCLUDE_GRAPH"/>
        <includedbygraph visible="$INCLUDED_BY_GRAPH"/>
        <sourcelink visible="yes"/>
        <memberdecl>
            <classes visible="yes" title=""/>
            <namespaces visible="yes" title=""/>
            <defines title=""/>
            <typedefs title=""/>
            <enums title=""/>
            <functions title=""/>
            <variables title=""/>
            <membergroups visible="yes"/>
        </memberdecl>
        <detaileddescription title=""/>
        <memberdef>
            <inlineclasses title=""/>
            <defines title=""/>
            <typedefs title=""/>
            <enums title=""/>
            <functions title=""/>
            <variables title=""/>
        </memberdef>
        <authorsection/>
    </file>
</doxygenlayout>
